id,nombre,mail,telefono
1,Pacífica,amogeronimo@hotmail.com,+34 721 864 967
2,Jose Luis,modesta10@velasco.com,+34 717 014 037
3,Ruy,lcabanas@gmail.com,+34749 133 465
4,Javier,benito74@gmail.com,+34633136922
5,Juan Luis,hjover@yahoo.com,+34725128122
6,Inés,briera@hotmail.com,+34 711 67 37 98
7,Martín,sebastianbeltran@crespo-mugica.com,+34727 67 64 35
8,Consuelo,riverogloria@benitez-torrents.com,+34 741 234 436
9,Fanny,hjaen@iriarte.es,+34985 981 787
10,Anastasio,alex82@gargallo.es,+34 958392230
11,Alejandra,salvadorporta@soriano-roda.es,+34 743 782 979
12,Julie,nayara44@arce-elorza.es,+34 632900744
13,Consuela,sarjona@yahoo.com,+34 710133409
14,Jose Antonio,cirinomarin@coca.com,+34747 37 23 42
15,Lupita,francisco-josepalau@gmail.com,+34714806621
16,Sarita,ruria@gmail.com,+34 746240536
17,Ismael,lpons@vega-valenciano.com,+34817 216 856
18,Belen,celestinasans@cid.es,+34916 808 581
19,Vanesa,amorcollado@gmail.com,+34808541557
20,Venceslás,tatianamosquera@hotmail.com,+34907425218
21,Luz,xavier37@morera-lastra.com,+34737 686 007
22,Manola,maria-del-carmengarate@yahoo.com,+34 612125120
23,María Jesús,hjurado@yahoo.com,+34 721 705 920
24,Joel,marquezivan@gmail.com,+34 743365611
25,Lidia,salomeprat@puente-tamayo.com,+34 960028563
26,Valentín,faustovillaverde@aguilo-ruiz.es,+34709 26 78 75
27,Ciríaco,gallartcesar@hotmail.com,+34 823 87 60 28
28,Ildefonso,basilio49@gmail.com,+34711 75 06 65
29,Adalberto,santosliliana@gmail.com,+34709 66 06 15
30,Alonso,ofolch@gmail.com,+34676 498 559
31,Bernabé,qcastells@gmail.com,+34722210341
32,Carina,gbalaguer@acuna-garrido.es,+34930198207
33,Heraclio,calista85@miro.es,+34 701 395 398
34,Lara,rafael40@andreu.es,+34732780992
35,Casemiro,virgilioanton@gmail.com,+34714 22 10 93
36,Cristian,santospedraza@gmail.com,+34728 734 857
37,Sandra,nereidazabaleta@hotmail.com,+34 947 19 49 55
38,Eligia,nydiatoro@heras-pinedo.com,+34669674933
39,Javiera,ugarmendia@hotmail.com,+34912 418 306
40,Aníbal,nazario22@sans.net,+34 846 04 20 05
41,Galo,marisol83@yahoo.com,+34 602 925 626
42,Jesús,fabianbonilla@yahoo.com,+34944 49 08 30
43,Nicolás,tejedoralba@pallares-sabater.es,+34 667 92 14 64
44,Francisco Javier,vegaana@yahoo.com,+34735 147 989
45,Jenny,tomasasoto@osuna.com,+34 725 798 534
46,Gisela,ricardasalmeron@yahoo.com,+34 707 634 290
47,Arsenio,neiraeva-maria@pelaez.es,+34738816812
48,Águeda,jroman@arjona-andres.com,+34 743 108 584
49,Xavier,eustaquio17@pereira.es,+34 674 78 24 41
50,Ángeles,jovitabauza@hotmail.com,+34 937305181
51,Nacho,leonprudencio@pinedo.es,+34714 409 848
52,Ciríaco,mluz@yahoo.com,+34836 465 298
53,África,navarreteheliodoro@hotmail.com,+34 969 144 504
54,Alberto,bernardo51@guzman-prat.es,+34 646 911 753
55,Juan,anastasiabarba@vallejo.es,+34731424721
56,Samuel,reguloharo@gmail.com,+34740990955
57,Marco,nuria04@yahoo.com,+34 703 78 90 56
58,Sabina,eoller@arrieta.com,+34 708 723 717
59,María Belén,chuybustamante@catalan.com,+34 624 29 58 75
60,Lorenza,duranedmundo@hotmail.com,+34 861665373
61,Isabela,barbara64@hotmail.com,+34 709 507 548
62,Celestino,xpina@hotmail.com,+34 745219360
63,Encarnación,agueda24@yahoo.com,+34821 72 12 48
64,Ciro,duranalbina@llopis.es,+34728 272 470
65,Eufemia,egirona@yahoo.com,+34 721 11 47 50
66,Tomasa,arnaumanu@yahoo.com,+34 660 587 465
67,Leandro,wcabanillas@yahoo.com,+34 826466098
68,Rufina,alara@gmail.com,+34742627041
69,Mercedes,ceciliooliva@campos-rodriguez.es,+34740 55 25 50
70,Raquel,vanesapareja@gmail.com,+34 667 315 602
71,Fernanda,hgalvez@yahoo.com,+34 814800709
72,Ana Sofía,marianacerezo@piquer-bermejo.net,+34674 970 580
73,Abraham,ascensionlanda@yahoo.com,+34704 224 525
74,Soraya,susana99@gmail.com,+34 953840397
75,Pacífica,bautista16@hotmail.com,+34720 64 54 74
76,Pepe,jcasares@hotmail.com,+34742746144
77,Damián,sarapinedo@garriga-jove.com,+34 720 481 164
78,Eutimio,bernadleticia@valls.org,+34 915 884 966
79,Ruth,eulaliacarrion@bayo.es,+34678125391
80,Heriberto,felipa74@gmail.com,+34 962 848 874
81,Íñigo,rocioojeda@artigas.com,+34740018495
82,Trinidad,cmiralles@saavedra-belmonte.com,+34707 06 87 28
83,Porfirio,sastreencarnacion@roldan.com,+34701 34 26 50
84,Gastón,baenaluis@pallares-correa.com,+34 700 92 26 03
85,Jordi,adelardogual@trillo.es,+34 700 343 912
86,Aurora,genoveva21@hotmail.com,+34 714950131
87,Montserrat,edgar02@uriarte.net,+34 702 71 39 28
88,Eutimio,rogelioreig@contreras-mesa.com,+34 733 566 363
89,Marcio,garmendiacristobal@cuellar-giralt.net,+34688 15 42 25
90,Inés,nbenitez@hotmail.com,+34 748644115
91,Valentín,calderonroberta@gmail.com,+34707 32 34 35
92,Fernanda,yfernandez@julian.com,+34 627 860 751
93,Teodosio,federico00@yahoo.com,+34 854 644 390
94,Patricia,alfonso42@mate.com,+34 701904555
95,Severino,gimenotomasa@anglada-fernandez.com,+34747347312
96,Natalia,fcifuentes@pera.org,+34708 648 771
97,Nicolasa,reynaldovalera@puente.net,+34 993083714
98,Trinidad,reyna62@hotmail.com,+34683 36 79 11
99,Aureliano,vivianachaparro@hotmail.com,+34 717295199
100,Gertrudis,aurelianoyuste@yahoo.com,+34 834 45 45 51
101,Blas,planasgraciela@gmail.com,+34642 93 09 61
102,Encarnacion,sancho30@cano.com,+34727 88 67 72
103,Aránzazu,redondojimena@arana.com,+34745 121 218
104,Clotilde,agil@hotmail.com,+34704 54 00 97
105,Leandra,asunciondonaire@sanjuan.com,+34 735 36 68 07
106,Andrés Felipe,osvaldocasals@hotmail.com,+34 803100524
107,Candelas,miguela02@gmail.com,+34 725605718
108,Roberta,ufolch@soria-blazquez.es,+34606646156
109,Natividad,fserna@matas-requena.com,+34723 302 493
110,Bruno,crocha@mateo.es,+34701 34 18 27
111,María,aylloncelestina@cuellar.net,+34 712059369
112,Sonia,resteban@pages.com,+34738653846
113,Elvira,luciaacedo@hotmail.com,+34734 325 172
114,Susanita,rafaela24@sanjuan.com,+34745507034
115,Mirta,humberto96@carvajal.es,+34 704 394 677
116,Loida,victorosuna@belmonte-sanz.org,+34 855 057 667
117,Jessica,amado03@amo.com,+34 636 64 31 97
118,Melisa,maria-teresagamez@hotmail.com,+34 818 02 50 34
119,Ale,alejotello@yahoo.com,+34721 53 90 54
120,Marcial,escamillanestor@gibert.com,+34647 870 192
121,Leticia,fausto69@hotmail.com,+34885 390 136
122,Erasmo,mesacloe@catalan.com,+34 919 409 663
123,Prudencio,claudiopablo@gmail.com,+34898 29 08 45
124,Ezequiel,condeharoldo@hotmail.com,+34744748692
125,Gabriela,serafina15@gmail.com,+34 723 05 41 26
126,Mario,avera@larrea.es,+34 715 92 49 92
127,María Teresa,sebastian82@yahoo.com,+34 700 964 738
128,Obdulia,uliseselorza@heras-haro.org,+34607 249 258
129,Jesusa,cintia05@yahoo.com,+34860476345
130,Segismundo,zblanco@malo.net,+34 928 776 792
131,Azeneth,pvargas@hotmail.com,+34901 14 77 29
132,Jenaro,tocana@manjon.es,+34740 243 705
133,Francisco Javier,cortinasocorro@porras.es,+34 613661838
134,Nidia,ferreremelina@hotmail.com,+34704 693 254
135,Magdalena,moyajuanita@yahoo.com,+34912889349
136,Manuel,vreguera@palacios.es,+34 716 89 98 13
137,Hilario,parralisandro@lastra.es,+34739570670
138,Gil,miriampujol@tomas.es,+34745 30 03 85
139,Rubén,saritacerezo@barcelo.com,+34 618 232 096
140,Concha,angel46@hotmail.com,+34711 32 09 52
141,Encarnación,mlillo@gmail.com,+34862333680
142,Nieves,arellanoamada@mugica-echeverria.com,+34 741 69 35 47
143,Loreto,qgarate@cordero-mari.net,+34 715 361 652
144,Elpidio,castellocaridad@andres-menendez.es,+34885 086 808
145,Ariadna,gomezsegismundo@yahoo.com,+34730 528 276
146,Ainara,uaguado@gmail.com,+34700 93 54 22
147,Ale,maria-cristina07@yahoo.com,+34 734881247
148,Marita,fhuguet@hotmail.com,+34 716519680
149,Felipa,anguitajuan-francisco@gmail.com,+34 705164075
150,Jose Antonio,camilo30@mena.org,+34 709 79 23 34
151,Salvador,marc85@hotmail.com,+34802 444 830
152,Etelvina,kcampillo@coello.es,+34 845958482
153,Dafne,arcetadeo@hotmail.com,+34746 459 216
154,Eduardo,wsala@yahoo.com,+34 718 07 89 75
155,Ángel,alicia28@uribe.net,+34969 95 66 99
156,Eloísa,victorzapata@gmail.com,+34 725 852 120
157,Marita,montserratdiez@yahoo.com,+34957941789
158,Maristela,perearenato@hotmail.com,+34705 57 29 39
159,María Fernanda,lcapdevila@hotmail.com,+34705175224
160,Eugenia,adolfo02@bustamante.org,+34729664368
161,Débora,gabino59@hotmail.com,+34710 035 581
162,Agustín,americaescudero@gmail.com,+34 737108052
163,María,nilo08@angulo.es,+34 659 538 088
164,Paloma,heredianicanor@font.es,+34742573833
165,Sabina,nuriafigueroa@hotmail.com,+34 681 407 020
166,Renato,pbatalla@hotmail.com,+34706 294 633
167,Teodosio,armando50@hotmail.com,+34 721 511 823
168,Dafne,aporta@yahoo.com,+34 648 279 003
169,Alfredo,gballesteros@yahoo.com,+34 745735433
170,Eugenia,felisa37@guardia.com,+34 748130651
171,Brunilda,aarontamayo@hotmail.com,+34733286354
172,Bernardino,perlacastellanos@aranda.es,+34737567084
173,Dulce,julia91@miralles.es,+34 722 568 606
174,Chucho,cerdaluciano@alarcon.org,+34822526855
175,Alejandro,rbartolome@benavente.es,+34 667906916
176,Rolando,isaac48@gmail.com,+34 738 624 614
177,Luna,delfinabello@morata.com,+34 704 21 85 21
178,Regina,irisposada@gimeno.es,+34 745 67 34 17
179,Paulina,holmo@yahoo.com,+34672925485
180,Marianela,ariadnapaez@yahoo.com,+34863208915
181,Mercedes,jeremiaspla@pascual.es,+34836 74 22 82
182,Jose Ramón,solsonaanunciacion@hotmail.com,+34701 318 803
183,Sabas,gutierrezberta@cuervo.es,+34 733872298
184,Marcio,edmundocatalan@sotelo.org,+34853 847 639
185,Ruben,dieguezesteban@vendrell-falco.es,+34663 412 985
186,Julián,americaesparza@benitez.com,+34 978 150 980
187,Plinio,daniela87@gmail.com,+34701 75 54 51
188,Ámbar,adelaidacabello@serra.com,+34 738 789 016
189,Arturo,wsantana@aguilo-barrios.es,+34917 66 15 43
190,Obdulia,zbarragan@flor.es,+34 993 308 443
191,Hernán,alba30@hotmail.com,+34 730 44 99 45
192,Azahar,maria-fernanda33@hotmail.com,+34 980438651
193,Javier,pinomatias@beltran.org,+34 740815397
194,Feliciana,sanchoviana@mayoral.com,+34 712 616 518
195,Celso,dpalomares@gmail.com,+34 746 064 461
196,Abril,diego02@pinto.com,+34 833 97 64 87
197,Paulina,cuadradodora@rivero.es,+34 854287296
198,Josep,cmarcos@carbajo.es,+34 712 823 933
199,Modesta,nandofuster@marcos.net,+34749201731
200,Jose Carlos,lola67@yahoo.com,+34 715 29 51 35
